area,suites,banheiros,iptu,bairro,condominio,imob_logo,quarto,anunciante,descricao,imob_cod,tipo_imovel,logradouro,aluguel_total,uf,endereco,titulo,vagas,aluguel,info_legais,venda
Área,,1,,Vila Dionísia,Valor com condomínio,https://resizedimgs.vivareal.com/FbkUCcXdW8n1wrD_RnpX3bNn0wE=/870x653/vr.images.sp/2510ee090c2d8e7361c5b2993aa128a3.jpg,2,Marcos Bruga,"Casa recém construída, PRIMEIRO ALUGUEL, TUDO NOVINHO!!! Sem vaga de garagem
02 dormitórios, sala, cozinha, banheiro, lavanderia. Porcelanato na casa toda.
Ótima localização, farta condução, próximo ao Terminal Cachoeirinha.Fica a 04 quarteirões do Extra / Cobal supermercados.
IPTU: R$25,00
Condomínio: R$50,00
Aceito 03 depósitos, ou fiador, ou seguro fiança.
Visitas em qualquer horário.



Encontra-se em um condomínio protegido por muros.",276,Tipo de imóvel,"Rua Augusto Gil, 125",Tipo de imóvel,SP,"Rua Augusto Gil, 125 - Vila Dionísia, São Paulo - SP ","Casa de Condomínio com 2 Quartos para Alugar, 50 m² por R$ 1.100/Mês",,IPTU,IMPORTANTE: , Aluguel  
Área,,2,,Tatuapé,Valor com condomínio,https://resizedimgs.vivareal.com/0wwOyWYeMtWvXs-Yq3Nw91sZXkQ=/870x653/vr.images.sp/7203a8ae61a54122f361a9504f3ec064.jpg,2,Hernandes Imóveis,"Área Útil M2: 62,00, Área Total M2: 62,00, Andar: 6, Aptos Por Andar: 8, Dormitórios: 2, Banheiros: 2, Garagem Vagas: 1, Elevadores: 3, Sala 2 Ambientes: 1, Salão De Festas, Salão De Jogos, Sauna, Piscina, Play Ground, Interfone, Guarita Para Vigia, Sala Ginástica",LOC413,Tipo de imóvel,"Rua Vilela, 709",Tipo de imóvel,SP,"Rua Vilela, 709 - Tatuapé, São Paulo - SP ","Apartamento com 2 Quartos para Alugar, 62 m² por R$ 1.700/Mês",1,IPTU,IMPORTANTE: , Aluguel  
Área,,1,,Consolação,Valor com condomínio,https://resizedimgs.vivareal.com/RUZ3uB2yKsGUA3HR-Od6Yd2zDPg=/870x653/vr.images.sp/965a87430777fdc2c8fe399adb4c93f1.jpg,1,Winner Flats,"O Studio Home é um flat residencial localizado na Consolação, região central de São Paulo. Suas instalações incluem uma pequena piscina, sauna, sala de ginástica e lavanderia. Suas unidades são completamente mobiliadas e equipadas. Há também um serviço de limpeza disponível, que pode ser contratado separadamente. ligue e agende uma visita com nossos corretores.",STUDIO HOME,Tipo de imóvel,"Rua Bela Cintra, 450",Tipo de imóvel,SP,"Rua Bela Cintra, 450 - Consolação, São Paulo - SP ","Flat com 1 Quarto para Alugar, 35 m² por R$ 2.000/Mês",1,IPTU,IMPORTANTE: , Aluguel  
Área,,1,Valor com condomínio,Jardim Julieta,Condomínio,https://resizedimgs.vivareal.com/mlmrrXY5CVYZmvA6sGgP_PoRYuc=/870x653/vr.images.sp/e78cdb8b536671e764eb24a4ab9fc68b.jpg,2,Aiko Beatriz Adm de Bens Imoveis Ltda,"APARTAMENTO para Venda e Locação Jardim Julieta, São Paulo 1 dormitório, 1 sala, 1 banheiro 45,55 útil Imóvel reformado um dos dormitórios com piso laminado, banheiro com box em vidro temperado e piso cerâmico, terceiro andar com vista para rua, em frente campo de futebol, rua tranquila com fácil acesso a rodovia Fernão Dias e a marginal do rio Tiete",AP00225,Tipo de imóvel,,,SP,,"Apartamento com 2 Quartos para Venda ou Aluguel, 45 m² por R$ 224.000",,Aluguel,IMPORTANTE: ,   Preço de compra  
Área,(sendo 1 suíte),2,,Pinheiros,Valor com condomínio,https://resizedimgs.vivareal.com/Ekap7EhDeudvXrgAXpaW-Nz0h0A=/870x653/vr.images.sp/noLogo.jpg,2,SP Top imoveis,"O apartamento tem 73 metros quadrados no bairro Pinheiros com 2 quartos sendo 1 suíte e 2 banheiros. A apenas alguns instantes de transporte coletivo, hospitais e shoppings.
Possui academia, espaço jardinado, espaço gourmet, playground e salão de festas.
O apartamento vai lhe possibilitar praticar diversos esportes na quadra poliesportiva, curtir os dias mais quentes na piscina e todo o conforto do ar condicionado nos dias mais quentes.

Já está com os móveis.
Elevador que garante o transporte das suas malas e compras.
Churrasqueira para você aproveitar nos momentos de descontração.",d0f06f,Tipo de imóvel,"Rua Pais Leme, 215",Tipo de imóvel,SP,"Rua Pais Leme, 215 - Pinheiros, São Paulo - SP ","Apartamento com 2 Quartos para Alugar, 72 m² por R$ 3.800/Mês",1,IPTU,IMPORTANTE: , Aluguel  
Área,,2,,Vila Mariana,Valor com condomínio,https://resizedimgs.vivareal.com/Ekap7EhDeudvXrgAXpaW-Nz0h0A=/870x653/vr.images.sp/noLogo.jpg,2,Roberto Santos Consultor Imobiliário,"O apartamento tem 75 metros quadrados está localizado no bairro Vila Mariana com 2 quartos e 2 banheiros. A apenas alguns instantes de hospitais e transporte coletivo.


Além disso alarme de segurança para você e sua família.
Elevador que garante o transporte das suas malas e compras.",008,Tipo de imóvel,"Rua Potunduva, 3",Tipo de imóvel,SP,"Rua Potunduva, 3 - Vila Mariana, São Paulo - SP ","Apartamento com 2 Quartos para Alugar, 75 m² por R$ 1.500/Mês",1,IPTU,IMPORTANTE: , Aluguel  
Área,,1,,Vila Ema,Área,https://resizedimgs.vivareal.com/bTVkOfvBQgCFWYTAkYw0vVKE9co=/870x653/vr.images.sp/a20b41e750e4f36a4201bf2b7c9fd6b1.jpg,1,Alfonso Rey Imóveis,"☛IMÓVEL DE 01 DORMITÓRIO, COZINHA, W.C. + LAVANDERIA 

ÓTIMO IMÓVEL / RECÉM-REFORMADO

Locação: R$ 450,00/mês

ACEITAMOS DEPÓSITO COMO GARANTIA.

Características do Imóvel

Casa
1 dormitório(s)
0 suíte(s)
0 vaga(s) na garagem
01 banheiro(s)
80 M²

Tipo de transação e Preço

Transação: Locação

Preço de Locação: R$ 450,00

Melhor custo benefício.

☎ Ligue-nos ou peça atendimento on-line.",BENSOS258,Tipo de imóvel,"Rua Bento Sábino dos Réis, 258",,SP,"Rua Bento Sábino dos Réis, 258 - Vila Ema, São Paulo - SP ","Casa com 1 Quarto para Alugar, 80 m² por R$ 450/Mês",,,IMPORTANTE: , Aluguel  
Área,,1,Área,Penha,Tipo de imóvel,https://resizedimgs.vivareal.com/V2Ba9mn5IiH8wuE7VFZxLJ8qz80=/870x653/vr.images.sp/75b1f2334b49638348c90b3b9468e95e.jpg,2,RL Imóveis,Casa de vila tipo condominio fechado com 2 dorms sala cozinha wc quintal totalmente independente,RL235,Tipo de imóvel,"Rua Cumanaxos, 1",,SP,"Rua Cumanaxos, 1 - Penha, São Paulo - SP ","Casa com 2 Quartos para Alugar, 50 m² por R$ 900/Mês",,,IMPORTANTE: , Aluguel  
Área,,1,,Vila Regina,Valor com condomínio,https://resizedimgs.vivareal.com/Ekap7EhDeudvXrgAXpaW-Nz0h0A=/870x653/vr.images.sp/noLogo.jpg,2,Roberto Santos Consultor Imobiliário,"O apartamento tem 65 metros quadrados no bairro Vila Regina com 2 quartos e 1 banheiro. 
Possui jardim e espaço para festas.
O apartamento vai lhe possibilitar curtir os dias mais quentes na piscina.
Além disso segurança 24 horas para você e sua família.
Encontra-se na privacidade de um condomínio fechado.
Espaço reservado para preparar o seu churrasco.",01,Tipo de imóvel,"Rua Agostinho Correia, 141",Tipo de imóvel,SP,"Rua Agostinho Correia, 141 - Vila Regina, São Paulo - SP ","Apartamento com 2 Quartos para Alugar, 65 m² por R$ 750/Mês",1,IPTU,IMPORTANTE: , Aluguel  
Área,(sendo 1 suíte),1,IPTU,Vila Olímpia,Condomínio,https://resizedimgs.vivareal.com/3DMamyP-nrJhroE_mzMHbmepYQY=/870x653/vr.images.sp/3cb793535970d691e23ab715683dcbde.jpg,1,Julia Flats,"O flat tem 35 metros quadrados está localizado no bairro Vila Olímpia com 1 quarto sendo 1 suíte e 1 banheiro. A apenas alguns instantes de parques, hospitais, transporte coletivo e shoppings.
Possui área de fitness, jardim, espaço gourmet, área de recreação infantil e salão de festas.
O flat vai lhe possibilitar curtir os dias mais quentes na piscina.
Além disso, segurança garantida 24 horas por dia e sistema de alarme para você e sua família.
Fica em um condomínio fechado.
Ar condicionado para você não se preocupar com o calor.
Já tem os móveis incluídos.
Elevador que garante o transporte das suas malas e compras.
Obs. Fotos ilustrativas, agende a sua visita agora mesmo!",JULIA17112,Tipo de imóvel,"Rua Fidêncio Ramos, 420",Valor com condomínio,SP,"Rua Fidêncio Ramos, 420 - Vila Olímpia, São Paulo - SP ","Flat com 1 Quarto para Venda ou Aluguel, 35 m² por R$ 296.800",1,Aluguel,IMPORTANTE: ,   Preço de compra  
Área,(sendo 4 suítes),6,,Jardim Das Bandeiras,Valor com condomínio,https://resizedimgs.vivareal.com/HJHzHYmn5__TzP5F1jBXMl0V6y8=/870x653/vr.images.sp/a4f340172eebc6577bfd3ffd832a36f3.jpg,4,Mendes Prime Imóveis,"Ótima cobertura duplex, com 4 dormitórios, sendo 4 suítes, e 1 suíte com ar condicionado, 6 banheiros, 1 escritório, sala ampla, cozinha, área de serviço, dependência de empregada, 3 vagas de garagem e depósito.
Marque já sua visita.",7278,Tipo de imóvel,"Rua Luminárias, 274",Tipo de imóvel,SP,"Rua Luminárias, 274 - Jardim Das Bandeiras, São Paulo - SP ","Cobertura com 4 Quartos para Alugar, 280 m² por R$ 6.000/Mês",3,IPTU,IMPORTANTE: , Aluguel  
Área,(sendo 1 suíte),3,IPTU,Perdizes,Condomínio,https://resizedimgs.vivareal.com/Ekap7EhDeudvXrgAXpaW-Nz0h0A=/870x653/vr.images.sp/noLogo.jpg,3,Carlos Bavaresco,"Excelente apartamento de 127 m², reformado, com amplo Living para 3 Ambientes e Varanda.
3 Dormitórios (1 suite) com Armários Embutidos e Ar Condicionado em 2 deles; mais 1 banheiro social.
Ampla Cozinha com Armários planejados, bem como a copa. Área de Serviço Arejada e com Dependências completas de Empregados
2 Vagas de Garagem Cobertas e Demarcadas.
Documentação impecável.
O Edifício oferece para seu conforto lazer completo com piscina aquecida, quadra poliesportiva, sala de ginastica, salão de jogos, salão de festas.
Ótima localização estando a 2 minutos de carro das estações Barra Funda, Sumaré e V Madalena. Além de Fácil acesso as principais avenidas e marginais.
A região com farto comércio e com ótimas Padarias, Mercados, Escolas e Universidades, Teatros, Parques e outros atrativos do Bairro .",CB2c2122,Tipo de imóvel,"Rua Apiacás, 570",Valor com condomínio,SP,"Rua Apiacás, 570 - Perdizes, São Paulo - SP ","Apartamento com 3 Quartos para Venda ou Aluguel, 127 m² por R$ 1.050.000",2,Aluguel,IMPORTANTE: ,   Preço de compra  
Área,,1,,República,Valor com condomínio,https://resizedimgs.vivareal.com/Ekap7EhDeudvXrgAXpaW-Nz0h0A=/870x653/vr.images.sp/noLogo.jpg,1,Rosimary Frugoli,"Linda Kit net mobiliada com 30 m2 área útil, andar alto localizado em um dos edifícios ícones de São Paulo o Edifício Copam do Arq. Oscar Niemayer no bairro República Centro de São Paulo. A alguns minutos de hospitais, transporte coletivo, 5 minutos do metro Republica e shopping.

Além disso segurança 24 horas para você e sua família.
Elevador para mais praticidade no dia-a-dia. Fica a apenas alguns instantes de shoppings, transporte coletivo e hospitais.


Além disso vigilância 24 horas para você e sua família.
Elevador para mais praticidade no dia-a-dia.
Já está com os móveis.",CP16,Tipo de imóvel,"Avenida Ipiranga, 200",Tipo de imóvel,SP,"Avenida Ipiranga, 200 - República, São Paulo - SP ","Kitnet com 1 Quarto para Alugar, 30 m² por R$ 1.600/Mês",,IPTU,IMPORTANTE: , Aluguel  
Área,,1,,Vila das Mercês,Valor com condomínio,https://resizedimgs.vivareal.com/C1QZDtSZ2EYgClBTW7vDlkfm-Hk=/870x653/vr.images.sp/465519a1cc1df01fee89f6461e5c9a04.jpg,2,TOP PRIME ADM E CONSULTORIA IMOBILIARIA,"Apartamento 2 dormitórios, sendo do casal com móveis planejados, sala dois ambientes, cozinha com armários planejados, fogão, área de serviço com armário e divisória com portas de correr separando da cozinha, banheiro social com Box de vidro e gabinete, 1 vaga de garagem coberta, 60 m² de área. Piso laminado na sala e dormitórios, andar médio, torre única, 2 elevadores.
Área de Lazer com piscina, salão de festas, paisagismo, portaria 24 horas, ótima localização próximo ao anel viário Maria Maluf, Via Anchieta, Escolas, Supermercado, e comércio local.
Valores: Aluguel R$ 1.000,00 + Condomínio R$ 586,00 + IPTU R$ 67,00 = R$ 1.653,00
Garantia: Fiança Locatícia, Título de Capitalização, ou Fiador, não aceito depósito caução.
Agende sua visita com antecedência.",AL 341,Tipo de imóvel,"Rua Nossa Senhora das Mercês, 633",Tipo de imóvel,SP,"Rua Nossa Senhora das Mercês, 633 - Vila das Mercês, São Paulo - SP ","Apartamento com 2 Quartos para Alugar, 60 m² por R$ 1.000/Mês",1,IPTU,IMPORTANTE: , Aluguel  
Área,,1,Tipo de imóvel,Jardim Dracena,,https://resizedimgs.vivareal.com/mu8oMUFfg2DqwElL09bkzvqpPwM=/870x653/vr.images.sp/7915f148b4f18eefc7ee2f4f896089a2.jpg,2,M3 Efatá Negócios Imobiliários,"não perca esta oportunidade casa térrea com 02 dormitório /02 vagas/ sala grande/ quartos grandes/ cozinha grande c/ gabinete/ piso frio em todos os cômodos/ 01 banheiro/ corredor lateral/ quintal/ pequena edicula com banheiro e área de serviço. acabamento externo toda no grafiado e tijolinho dando um chame na casa/ perto do grande centro do Jd. Dracena/ ônibus na porta, chaves na imobiliária doc ok para financiar, sai do aluguel aprovamos seu credito. agende sua visita. Entre em contato com a M3 EFATÁ NEGÓCIOS IMOBILIÁRIOS (Creci-26.695-J) e agende já uma visita com um de nossos corretores. Os preços, valores e informações exibidos poderão sofrer mudanças sem aviso prévio. Por este motivo todas as informações deverão ser confirmadas pelo departamento comercial. Entre em contato pelo nosso whatsapp ou telefone Atendimento de seg a sex das 09:00 as 18:00 e aos sábados das 09:00 as 18:00. Características do imóvel Área de serviço Cozinha Edícula Piso frio Quintal Sala de TV Mais informações em www.m3efata.com.br",ca0130,Tipo de imóvel,,Área,SP,,"Casa com 2 Quartos para Venda ou Aluguel, 94 m² por R$ 365.000",2,Aluguel,IMPORTANTE: ,   Preço de compra  
Área,(sendo 2 suítes),5,IPTU,Vila São Vicente,Condomínio,https://resizedimgs.vivareal.com/Ekap7EhDeudvXrgAXpaW-Nz0h0A=/870x653/vr.images.sp/noLogo.jpg,4,Lar Doce Lar,"Imóvel lindo, com dois elevadores privativos, andar privativo, 198m², salão de festas, closet, 4 sacadas, pisos de mármore, quartos com pisos laminados, 2 suítes, 5 banheiros, tetos de gesso rebaixados, 3 vagas cobertas, 14 cômodos. 

Não perca essa oportunidade!!!",a226d6,Tipo de imóvel,"Rua da Bonança, 114",Valor com condomínio,SP,"Rua da Bonança, 114 - Vila São Vicente, São Paulo - SP ","Apartamento com 4 Quartos para Venda ou Aluguel, 198 m² por R$ 1.300.000",3,Aluguel,IMPORTANTE: ,   Preço de compra  
Área,,3,Área,Vila Mariana,Tipo de imóvel,https://resizedimgs.vivareal.com/-VoTUgw2izMcaXURK0SvZ4pU8kU=/870x653/vr.images.sp/d84e97e8d07dc8b7637a107dfe355f50.jpg,2,MF Imoveis,"Ótima casa sem garagem, a 10 minutos a pé do Metrô Sta Cruz! Na Vila Mariana

Sala, 2 dormitórios, 3 banheiros (sendo 2 externos), cozinha ampla e pequeno quintal.

Todo com piso em tábua corrida ou tacos.

Janelas com grades.

Localizado em rua tranquila, ótima vizinhança, próximo a Rua Luis Góis, Rua Loefgren e Rua Domingos de Morais.

Acesso fácil para Av. Jabaquara e Av. Dr. Ricardo Jafet.


Venha conhecer!! Ligue agora",OP448,Tipo de imóvel,"Rua Ouvidor Peleja, 448",,SP,"Rua Ouvidor Peleja, 448 - Vila Mariana, São Paulo - SP ","Casa com 2 Quartos para Alugar, 70 m² por R$ 1.700/Mês",,,IMPORTANTE: , Aluguel  
Área,(sendo 1 suíte),1,,Vila Olímpia,Valor com condomínio,https://resizedimgs.vivareal.com/mNLfhuQ0EZrpHzhmiPmcRVyz3zw=/870x653/vr.images.sp/e61c012803e7cb4e35391aaecc391faa.jpg,1,Atenas Flats,"Lindo apartamento bem decorado,01 dormitório,sala,cozinha e banheiro.
O edifico oferece :recepção 24 horas,manobrista, serviço camareira,TV a cabo abertos,WI FI. 01 vaga de garagem
Para seu lazer piscina,sauna,academia.
Fácil acesso para Av. Bandeirantes,Av. Brigadeiro.faria Lima a 5 minutos do centro financeiro da Berrini.
Próximo as melhores restaurantes e Clubes e Shoppings.
Sem burocracia e sem fiador
Atenas é uma empresa especializada em locação e vendas de flats.
Magali WHATS VIVO -TIM",The World,Tipo de imóvel,"Rua Gomes de Carvalho, 1005",Tipo de imóvel,SP,"Rua Gomes de Carvalho, 1005 - Vila Olímpia, São Paulo - SP ","Flat com 1 Quarto para Alugar, 35 m² por R$ 1.800/Mês",1,IPTU,IMPORTANTE: , Aluguel  
Área,(sendo 1 suíte),2,,Jardim Dom Bosco,Valor com condomínio,https://resizedimgs.vivareal.com/YxQUsH10c93dnZIT9ReIdRQsZjs=/870x653/vr.images.sp/5df0b793c4933beab76a9a5cdf09d639.jpg,2,Imobiliária Leal,"Apartamento de 2 dormitórios sendo 1 suíte, banheiro, cozinha, sala, área de serviço, varanda gourmet, armários planejados das dependências. Valor do condomínio R$ 670,00 incluso água, gás e o serviço de manobrista e iptu R$ 130,00. Lazer completo e 1 vaga de garagem. Localizado no bairro do Jardim Dom Bosco, com acesso a transportes, comércios e muito mais. Venha conhecer e marque uma visita com a nossa corretora Roseli no telefone",ap1205,Tipo de imóvel,"Avenida Doutor Mário Vilas Boas Rodrigues, 175",Tipo de imóvel,SP,"Avenida Doutor Mário Vilas Boas Rodrigues, 175 - Jardim Dom Bosco, São Paulo - SP ","Apartamento com 2 Quartos para Alugar, 65 m² por R$ 2.200/Mês",1,IPTU,IMPORTANTE: , Aluguel  
Área,,1,,Sacomã,Valor com condomínio,https://resizedimgs.vivareal.com/Jdf8jps5fnWNicoE0SDfH1Nr9b4=/870x653/vr.images.sp/4ed6e1a54c7dbc3c05e8396319fea6c8.jpg,2,Procurimovel,"Apartamento Nunca habitado, cheirando novo ainda
No bairro Sacomã 
Com móveis planejados de alta qualidade em todos os ambientes
Piso laminado Eucafloor e lampadas em LED
Bem iluminado e arejado.
Sala para 2 ambientes com Varanda
2 quartos 
1 banheiro. 
Próximo a transporte coletivo.

Lazer com campo gramado de futebol, playground, 02 churrasqueiras cobertas para você aproveitar nos momentos de descontração .e amplo salão de festas com cozinha de apoio e sanitários.

Próximo a saída 12B da Anchieta, e de avenidas como Padre Arlindo Vieira, Av. dos Ourives e Av. do Cursino.

É conhecer e alugar

Além disso segurança garantida 24 horas por dia para você e sua família.

Wagner WhatsApp",6139,Tipo de imóvel,Rua Professor Arnaldo João Semeraro,Tipo de imóvel,SP,"Rua Professor Arnaldo João Semeraro - Sacomã, São Paulo - SP ","Apartamento com 2 Quartos para Alugar, 51 m² por R$ 1.500/Mês",1,IPTU,IMPORTANTE: , Aluguel  
Área,,1,,Parque Residêncial Cocaina,Área,https://resizedimgs.vivareal.com/Ekap7EhDeudvXrgAXpaW-Nz0h0A=/870x653/vr.images.sp/noLogo.jpg,1,Heleno Bezerra Corretor de Imóveis,"Casa com quintal individual, com cômodos grandes, quarto, sala, cozinha, banheiro e quintal nos fundos individual com churrasqueira. Esta em fase final de pintura nova e limpeza. Ótima localização, a 200 metros do ponto final do ônibus Cocaia. Interessados entrar em contato.",Rcoca,Tipo de imóvel,Travessa Pau-Santo,,SP,"Travessa Pau-Santo - Parque Residêncial Cocaina, São Paulo - SP ","Casa com 1 Quarto para Alugar, 80 m² por R$ 900/Mês",1,,IMPORTANTE: , Aluguel  
Área,,1,Área,Vila Zelina,Tipo de imóvel,https://resizedimgs.vivareal.com/R4Lw0KELhCHJR0_GyQwcwfbiL1g=/870x653/vr.images.sp/5750c5d7741198ed4273c95621d77e48.jpg,1,Perfil Consultoria Imobiliária,"Casa com 01 dormitório grande, sala, cozinha, banheiro, lavanderia, quintal independente, interfone, garagem com portão automático, fundos. Ótimo local, rua larga, próximo a comércios. IPTU 2017 R$ 100,00 mensais.",PC462,Tipo de imóvel,"Rua Pinheiro Guimarães, 464",,SP,"Rua Pinheiro Guimarães, 464 - Vila Zelina, São Paulo - SP ","Casa com 1 Quarto para Alugar, 50 m² por R$ 1.100/Mês",1,,IMPORTANTE: , Aluguel  
Área,,2,Área,Barra Funda,Tipo de imóvel,https://resizedimgs.vivareal.com/Ewdyimc9bOKAEvl0SpvAS9TqxVU=/870x653/vr.images.sp/28ddd4e9c6a137c5bba2fc353be2c3ef.jpg,1,Plaka Imóveis,"DO IMÓVEL:
Casa tipo sobrado com 100 m2 de área construída, 01 dormitório com armário embutido, piso em cimento queimado e banheiro no pavimento superior.
Segundo banheiro no pavimento inferior, cozinha com armários de parede, sala com 02 ambientes e piso em assoalho de madeira e quintal com área de serviço e banheiro de serviço. Vaga para um veículo pequeno diante da casa sem cobertura.
DO LOCAL:
A poucos minutos da estação de metrô Barra Funda, conta ainda com corredor de ônibus da Av.Francisco Matarazzo e acesso fácil à Av.Pacaembu e Marginal Tietê. A poucos minutos do Parque da Água Branca e Memorial da América Latina.
Região com bancos, restaurantes, bares, farmácias e comércio de rua variado.",ALU2029RES,Tipo de imóvel,"Rua Dona Elisa, 19",,SP,"Rua Dona Elisa, 19 - Barra Funda, São Paulo - SP ","Casa com 1 Quarto para Alugar, 100 m² por R$ 2.900/Mês",1,,IMPORTANTE: , Aluguel  
Área,,1,,Vila Butantã,Área,https://resizedimgs.vivareal.com/LKTP9nF7ILxHYdvHdj_kZHkKzg4=/870x653/vr.images.sp/46abdb467b08312758d07b13a820de22.jpg,1,Clareza Imoveis,"ótima kit próximo ao portão 3 da USP, pronta para uso - 05/05/2017",KN0001,Tipo de imóvel,Rua Professor Teotônio Monteiro de Barros Filho,,SP,"Rua Professor Teotônio Monteiro de Barros Filho - Vila Butantã, São Paulo - SP ","Kitnet com 1 Quarto para Alugar, 15 m² por R$ 800/Mês",,,IMPORTANTE: , Aluguel  
Área,(sendo 1 suíte),3,IPTU,Brooklin,Condomínio,https://resizedimgs.vivareal.com/Ekap7EhDeudvXrgAXpaW-Nz0h0A=/870x653/vr.images.sp/noLogo.jpg,3,Danilo,"Rua Rosa Gaeta Lazara, 93 - Brooklin - Próximo a Funchal, JK, Faria Lima, Companhia Athletica 

94m²
3 quartos sendo 1 suíte
2 vagas
Ar condicionado na suíte, na sala e no quarto
Armários embutidos nos quartos, cozinha, banheiro e no terraço
10º andar com vista para o Brooklin
Varanda confortavel

Novo - Nunca habitado

Lazer completo 
Espaço gourmet, Salão de festas, Salão de jogos, Brinquedoteca, Street ball, Piscinas adulto e infantil descobertas, Playground, Churrasqueira, Praça",IntersectionBrooklin,Tipo de imóvel,"Rua Rosa Gaeta Lazará, 93",Valor com condomínio,SP,"Rua Rosa Gaeta Lazará, 93 - Brooklin, São Paulo - SP ","Apartamento com 3 Quartos para Venda ou Aluguel, 94 m² por R$ 1.275.000",2,Aluguel,IMPORTANTE: ,   Preço de compra  
Área,(sendo 1 suíte),1,,Vila Nova Conceição,Valor com condomínio,https://resizedimgs.vivareal.com/L0eDpqzsQKQ61ubkuQtE1frG9zo=/870x653/vr.images.sp/dec0775f0be61002af244296bc170cdb.jpg,1,Ocimar Marques de Amorim Júnior,"Saint Charles Flat Service

Tipo de Imóvel: Flat para locação mínima de 1 mês
Metragem: 45m²
Valor do pacote mensal: R$4.200,00 (incluso aluguel, condomínio e IPTU) 
Rua Baltazar da Veiga, 589 – Vila Nova Conceição - São Paulo - SP

No condomínio inclui: arrumação diária, vaga de garagem, recepção 24 hs, TV à cabo, área de lazer piscina, sauna (serviços podem variar de acordo com o edifício). Valor e disponibilidade da unidade sujeita a alteração sem prévio aviso. A disponibilidade de comercialização, preços e metragens foram fornecidos pelo proprietário, estando sujeitos a alteração ou extinção a qualquer momento.

Mais informações: Ocimar.",AM 0089,Tipo de imóvel,"Rua Baltazar da Veiga, 489",Tipo de imóvel,SP,"Rua Baltazar da Veiga, 489 - Vila Nova Conceição, São Paulo - SP ","Flat com 1 Quarto para Alugar, 45 m² por R$ 1.900/Mês",1,IPTU,IMPORTANTE: , Aluguel  
Área,(sendo 1 suíte),1,,Itaim Bibi,Valor com condomínio,https://resizedimgs.vivareal.com/v3bf0ZNtiub5U_WBk1y2Ano_SM4=/870x653/vr.images.sp/bb531d8aa1db0e93aa0a464ee36f0418.jpg,1,Só Flats,"A uma quadra da Avenida Faria Lima e fácil acesso à Marginal Pinheiros, o Flat está no famoso bairro consagrado pelas inúmeras opções de gastronomia e entretenimento, o Itaim Bibi, próximo a shoppings centers como Iguatemi e Eldorado. Não deixe de nos consultar! Não deixe de nos consultar, fotos ilustrativas! Sujeito à confirmação de disponibilidade e valores, sem aviso prévio.",SF1088,Tipo de imóvel,"Rua Pedroso Alvarenga, 1256",Tipo de imóvel,SP,"Rua Pedroso Alvarenga, 1256 - Itaim Bibi, São Paulo - SP ","Flat com 1 Quarto para Alugar, 29 m² por R$ 1.500/Mês",1,IPTU,IMPORTANTE: , Aluguel  
Área,,1,,Parque Rebouças,Área,https://resizedimgs.vivareal.com/6rshh2dhte1pVrDOMOFRGG5UfYg=/870x653/vr.images.sp/9fe0d118e5852bf048fd39f7c7c54303.jpg,2,Madeiros Imóveis,"SOBRADO - 2DORM - R$ 1.,400,00 - REF: CAM - PARQUE REBOUÇAS - 2DORM,SALA c. sanca e lustres,COZINHA TIPO AMERICANA,WC,A.SERV,1VAGA, QUINTAL - no valor do aluguel esta incluso taxa de condomínio, incluso água gás e internet - A busca de imóveis na web é hoje uma das principais ferramentas para quem está interessado em comprar ou alugar um imóvel. Aqui você encontrará algumas ofertas da MADEIROS IMÓVEIS, na região Zona Sul de São Paulo",57871,Tipo de imóvel,"Rua Carlos Magalhães, 345",,SP,"Rua Carlos Magalhães, 345 - Parque Rebouças, São Paulo - SP ","Sobrado com 2 Quartos para Alugar, 70 m² por R$ 1.400/Mês",1,,IMPORTANTE: , Aluguel  
Área,,1,Tipo de imóvel,Jardim Santa Maria,,https://resizedimgs.vivareal.com/40or39GHFvu5oqqjqdZMw7ptNk8=/870x653/vr.images.sp/78f1772472022c3ddb860241d2a78021.jpg,2,Eros Imóveis,"Apartamento, Aricanduva, 2 dormitórios, sacada, sala para 2 ambientes; Cozinha; Ao lado do Shopping Aricanduva, com acesso a pé para o Macro e Interlar Aricanduva; Condomínio Reserva do Alto. Condomínio com muita segurança e lazer. Uma ótima oportunidade para morar com conforto e segurança. Condomínio composto de quatro torres com (2 ou 3 dormitórios), sala 2 ambientes, wc, área de serviço e 1 vaga de garagem). Excelente Condomínio Super Completo, sendo o maior da Região, com estrutura de 2 quadras grandes de esportes, 3 salões de festas (utlizado para outras atividades com Pilates e Artes Marciais), 6 churrasqueiras individuais, sala de ginástica, pista de cooper, piscina, e diversas câmeras de monitoramente. Inclusive comércio (padaria e sala de estética).",580,Tipo de imóvel,,Área,SP,,"Apartamento com 2 Quartos para Alugar, 54 m² por R$ 1.200/Mês",1,Valor com condomínio,IMPORTANTE: , Aluguel  
Área,(sendo 1 suíte),1,IPTU,Indianópolis,Condomínio,https://resizedimgs.vivareal.com/v3bf0ZNtiub5U_WBk1y2Ano_SM4=/870x653/vr.images.sp/bb531d8aa1db0e93aa0a464ee36f0418.jpg,1,Só Flats,"O Flat Oferece ar condicionado, TV a cabo, e o condomínio também oferece aos seus hóspedes uma área de lazer que contém Piscina, Sala de ginástica e Sauna, Lavanderia terceirizada, Mensageiros e Quadra de Squash. Não deixe de nos consultar, fotos ilustrativas! Sujeito à confirmação de disponibilidade e valores, sem aviso prévio.",SF338,Tipo de imóvel,"Avenida Rouxinol, 174",Valor com condomínio,SP,"Avenida Rouxinol, 174 - Indianópolis, São Paulo - SP ","Flat com 1 Quarto para Venda ou Aluguel, 42 m² por R$ 450.000",1,Aluguel,IMPORTANTE: ,   Preço de compra  
Área,,1,Área,Vila Maria Trindade,Tipo de imóvel,https://resizedimgs.vivareal.com/7ft-h40YozZiD02nm60LCAqa6wM=/870x653/vr.images.sp/c8f666cc6b6575de4c7cbb19f6906630.jpg,2,Trade Brasil Imóveis,"Situado na zona oeste, o empreendimento fica na Av. Fuad Lutfalla e reúne que há de melhor em conforto e praticidade. O local tem acesso fácil para Marginal Tiete, rodovias Castelo Branco, Anhanguera e Bandeirantes. Com fácil acesso também á Marginal Pinheiro e ao Shopping Tietê Plaza.

O imóvel oferece um bom acabamento interno,piso laminado,área de serviço, sacada e instalações modernas, proporcionando conforto necessário a você e sua família. Para sua comodidade, existe instalado um sistema com câmeras dentro e fora do empreendimento.

Próximo ao imóvel você terá ônibus para vários pontos da cidade e ao entorno poderá contar com restaurantes, hospitais, supermercado, posto de gasolina, padaria, farmácia e muito mais.


CARACTERÍSTICAS DO IMÓVEL:

- Piso de porcelana em toda área interna
- Sala revestida com pedra
- 1 sala grande na parte superior com sacada
- 2 salas, cozinha, banheiro e quintal na parte de baixo 
- Ar condicionado quente e frio na sala e no quarto com função INVERTER (consome até 50% menos energia).
- Iluminação com Lâmpadas de Led em toda parte interna
- 2 Sacadas com guarda corpo de vidro, uma na parte superior e outra em baixo. 
- Telhado com manta térmica (evite infiltração e mantem a temperatura ambiente no inverno ou no verão - não esquenta e nem esfria demais)
- Imóvel novo, construído a um ano, praticamente não foi utilizado. 
- IPTU $ 80,00

Garantias aceitas: Fiador, Seguro-Fiança ou Título de Capitalização.",LA1499,Tipo de imóvel,"Avenida Fuad Lutfalla, 743",,SP,"Avenida Fuad Lutfalla, 743 - Vila Maria Trindade, São Paulo - SP ","Casa com 2 Quartos para Alugar, 100 m² por R$ 1.499/Mês",,,IMPORTANTE: , Aluguel  
Área,,1,Tipo de imóvel,Vila Curuçá,,https://resizedimgs.vivareal.com/q-9dQal0V7lRs3rwR3dA6ynvxjI=/870x653/vr.images.sp/dc0f1b8fafa1be43288a3f96b655f6d1.jpg,2,Alexandre Rodrigues,"apartamento 2 dormitórios, sala ampa, cozinha, 1wc, lavanderia, sacada, 1 vaga, lazer completo, próximo a tudo !!!

2 meses de depósito com condomínio !!

whaps / tim",1524,Tipo de imóvel,"Rua Guiraró, 173",Área,SP,"Rua Guiraró, 173 - Vila Curuçá, São Paulo - SP ","Apartamento com 2 Quartos para Alugar, 65 m² por R$ 750/Mês",1,Valor com condomínio,IMPORTANTE: , Aluguel  
Área,,1,,Jardins,Valor com condomínio,https://resizedimgs.vivareal.com/NKgQCe_ExDwND_Ha5nImBcpVkcc=/870x653/vr.images.sp/211873d7e7e6c580eccf9e1d39acb6fe.jpg,1,RF Imoveis Sp,"O The First Full está localizado na região dos Jardins, que é considerada uma das regiões mais nobres de São Paulo. O The First Full conta com apartamentos de 01 dormitório, todos os apartamentos são equipados com ar condicionado e TV a cabo. Na área de lazer conta com piscina, sauna e sala de ginástica. Para mais informações, entre em contato com os nossos corretores: *Fotos meramente ilustrativas. **Valores sujeitos a alteração",RFR547,Tipo de imóvel,"Rua Batataes, 308",Tipo de imóvel,SP,"Rua Batataes, 308 - Jardins, São Paulo - SP ","Flat com 1 Quarto para Alugar, 35 m² por R$ 2.100/Mês",1,IPTU,IMPORTANTE: , Aluguel  
Área,,1,Área,Jardim Carlu,Tipo de imóvel,https://resizedimgs.vivareal.com/S3Vtxft-7mcl_VU58Zqchaaj4n8=/870x653/vr.images.sp/a40e39a1a6bc7998dfe31bb798ce4353.jpg,1,Horto Imóveis,"1 (hum) dormitórios com vagas para quem alugar primeiro. 1 Quarto, sala, cozinha e um banheiro e área de serviço.



Está em um condomínio protegido por grades.",3333,Tipo de imóvel,Rua Marquês,,SP,"Rua Marquês - Jardim Carlu, São Paulo - SP ","Casa com 1 Quarto para Alugar, 54 m² por R$ 1.000/Mês",1,,IMPORTANTE: , Aluguel  
Área,,1,,Centro,Valor com condomínio,https://resizedimgs.vivareal.com/NKgQCe_ExDwND_Ha5nImBcpVkcc=/870x653/vr.images.sp/211873d7e7e6c580eccf9e1d39acb6fe.jpg,1,RF Imoveis Sp,"Essa é uma boa opção para quem procura alugar um flat barato em São Paulo. A localização é excelente aos interessados em aproveitar a visita para conhecer lugares históricos e aproveitar bem os atrativos do centro da cidade. O Champs Elysees fica na Av. Rio Branco com acesso fácil a vários pontos de táxi e ônibus. O hóspede também estará a 20 minutos de caminhada da Estação de Metrô Luz, com acesso à linha amarela e ao trem que liga os principais pontos da cidade, como por exemplo a Av. Paulista. A lavanderia opera a preços bem competitivos: cobra-se por cesto de roupa, não por unidade ou quilo. Para relaxar, o prédio tem área de lazer com piscina, sauna e academia. Para mais informações, consulte nossos corretores:11 2769-516911 *Fotos meramente ilustrativas**Valores sujeitos a alteração",RFR487,Tipo de imóvel,"Avenida Rio Branco, 1658",Tipo de imóvel,SP,"Avenida Rio Branco, 1658 - Centro, São Paulo - SP ","Flat com 1 Quarto para Alugar, 35 m² por R$ 800/Mês",1,IPTU,IMPORTANTE: , Aluguel  
Área,,1,,Campos Eliseos,Valor com condomínio,https://resizedimgs.vivareal.com/RUZ3uB2yKsGUA3HR-Od6Yd2zDPg=/870x653/vr.images.sp/965a87430777fdc2c8fe399adb4c93f1.jpg,1,Winner Flats,"O flat tem 30 metros quadrados no bairro Campos Elíseos com 1 quarto e 1 banheiro. Fica a apenas alguns instantes de transporte coletivo e parques.
Possui área de fitness.
O flat vai lhe possibilitar todo o conforto do ar condicionado nos dias mais quentes.
Além disso piscina para lazer e prática de exercícios para você e sua família.
Elevador para mais praticidade no dia-a-dia.
Já tem os móveis incluídos.LIGUE E AGENDE UMA VISITA COM NOSSOS CORRETORES.",CHAMPS ELISSES,Tipo de imóvel,"Avenida Rio Branco, 1658",Tipo de imóvel,SP,"Avenida Rio Branco, 1658 - Campos Eliseos, São Paulo - SP ","Flat com 1 Quarto para Alugar, 30 m² por R$ 1.000/Mês",1,IPTU,IMPORTANTE: , Aluguel  
Área,,1,,Vila Mariana,Valor com condomínio,https://resizedimgs.vivareal.com/NKgQCe_ExDwND_Ha5nImBcpVkcc=/870x653/vr.images.sp/211873d7e7e6c580eccf9e1d39acb6fe.jpg,1,RF Imoveis Sp,"O Sol Bienal tem localização estratégica na Ibirapuera, ao lado da Vila Mariana, tendo acesso rápido ao Aeroporto de Congonhas e a Av. 23 de Maio que leva a grandes centros de Exposições e Feiras da cidade de São Paulo. 

Conforto e qualidade nos 120 apartamentos, além de completa infra-estrutura para executivos com sala de convenções, conexão Internet wireless, restaurante com culinária internacional, piscina, sauna, fitness center. 

Para mais informações, entre em contato com os nossos corretores: *Fotos meramente ilustrativas. 

**Valores sujeitos a alteração.",RFR595,Tipo de imóvel,"Rua Sena Madureira, 1225",Tipo de imóvel,SP,"Rua Sena Madureira, 1225 - Vila Mariana, São Paulo - SP ","Flat com 1 Quarto para Alugar, 35 m² por R$ 1.800/Mês",1,IPTU,IMPORTANTE: , Aluguel  
Área,,1,Tipo de imóvel,Parque do Lago,,https://resizedimgs.vivareal.com/Fg5ZrpWH0FqOUA4k7Ap-Nty9eDA=/870x653/vr.images.sp/528ca9e79d40c8cf3d56075460127ab6.jpg,2,Arnaldo Nascimento Consultor Imobiliário e Documentação,"Lindo Apto composto por 2 dormitorios, sala, cozinha, banheiro com Box, lavanderia, area de serviço, piso madeira, 1 vaga - 8o andar - servido pelo elevador.
Condomínio com vasta área verde, playground, salão de jogos e de festas, portaria 24hrs - ao lado do Sonda Supermercados (antigo Satimo). Corredor de ônibus e fácil acesso a Santo Amaro e infra-estrutura completa.

Entre em contato conosco e agende sua visita!",APISRA002,Tipo de imóvel,"Estrada do M'Boi Mirim, 2298",Área,SP,"Estrada do M'Boi Mirim, 2298 - Parque do Lago, São Paulo - SP ","Apartamento com 2 Quartos para Alugar, 50 m² por R$ 1.000/Mês",1,Valor com condomínio,IMPORTANTE: , Aluguel  
Área,,2,Área,Parque Residencial Oratorio,Tipo de imóvel,https://resizedimgs.vivareal.com/n67JPhvMcEUeBOZwfDf9GXluLfs=/870x653/vr.images.sp/0047c6de58de8ed666d6698e6b588672.jpg,3,Imobiliária Nova Jardim,"Sobrado com 3 dormitórios, 2 banheiros, cozinha com armários, sala com dois ambientes, 4 vagas de garagem, churrasqueira, excelente localização próximo à nova estação do monotrilho (Camilo Hadad), fácil acesso a Av. Anhaia Melo e Av. do Oratório. Aceita capitalização. Agende sua visita! - Atualizado em: 05/05/2017",1195,Tipo de imóvel,"Rua Delmiro Gouvêia, 160",,SP,"Rua Delmiro Gouvêia, 160 - Parque Residencial Oratorio, São Paulo - SP ","Sobrado com 3 Quartos para Alugar, 100 m² por R$ 1.650/Mês",4,,IMPORTANTE: , Aluguel  
streetNumber,suites,thumbnail,businessId,email,streetName,isDevelopmentUnit,salePrice,stateUrl,contactPhoneNumber,image,address,siteAbsoluteUrl,propertyId,streetId,usageId,rentPrice,video,title,geoDistance,externalId,bathrooms,area,longitude,promotions,propertyTypeName,neighborhoodName,account,stateName,cityUrl,accountRole,accountLicenseNumber,cityName,accountPageUrl,zoneName,propertyTypeId,accountLogo,rent,garages,contactCellPhoneNumber,showAddress,publicationType,latitude,virtualTour,iptu,condominiumPrice,businessName,rentPeriod,stateNormalized,constructionStatus,isFeatured,locationId,additionalFeatures,zoneUrl,creationDate,priceValue,numImages,neighborhoodUrl,accountName,zipCode,listingType,siteUrl,rooms,accountPagePath,usageName,developmentInformation,price
671,0,https://resizedimgs.vivareal.com/xzY9WLCLVz-lf1EeJHnzJnxSJH0=/fit-in/221x147/vr.images.sp/b565780f2bf52d85f5f82e9463fb6447.jpg,RENTA,,Rua Doutor Diogo de Faria,False,,sp,01127695169,https://resizedimgs.vivareal.com/cY-TeSTmvEfRSxDAKbvqK9OTyeE=/fit-in/870x653/vr.images.sp/b565780f2bf52d85f5f82e9463fb6447.jpg,"Rua Doutor Diogo de Faria, 671",https://www.vivareal.com.br/imovel/flat-1-quartos-vila-mariana-zona-sul-sao-paulo-com-garagem-35m2-aluguel-RS1300-id-79947740/,79947740,sp/sao-paulo/zona-sul/vila-mariana/rua-doutor-diogo-de-faria,RESIDENCIAL,1300,,FLAT WALDORF PARA LOCAÇÃO NA VILA MARIANA,,RFR573,1,35.0,-46.643058,,Flat,Vila Mariana,66478,SP,sao-paulo,INMOBILIARIA,27307-J-SP,São Paulo,https://www.vivareal.com.br/66478/rf-imoveis-sp/,Zona Sul,FLAT,https://resizedimgs.vivareal.com/NKgQCe_ExDwND_Ha5nImBcpVkcc=/870x653/vr.images.sp/211873d7e7e6c580eccf9e1d39acb6fe.jpg,True,1,011947502741,True,PREMIUM,-23.595921,,100,1100,Aluguel,Mês,São Paulo,,True,BR>Sao Paulo>NULL>Sao Paulo>Zona Sul>Vila Mariana,"Mobiliado,Condomínio fechado,Piscina,Academia,Perto de vias de acesso,Elevador,Ar condicionado,Interfone,Segurança 24 horas,Perto de Shopping Center",zona-sul,1492617385667,1300,15,vila-mariana,RF Imoveis Sp,04037002,PROPERTY,https://www.vivareal.com.br/imovel/flat-1-quartos-vila-mariana-zona-sul-sao-paulo-com-garagem-35m2-aluguel-RS1300-id-79947740/,1,/66478/rf-imoveis-sp/,Residencial,,R$ 1.300
308,0,https://resizedimgs.vivareal.com/Ss-493dpB6KDDEvDmpYVXTP8-A8=/fit-in/221x147/vr.images.sp/f93d07a479db0d647a9f472eb9cdd100.jpg,RENTA,,Rua Batataes,False,,sp,01127695169,https://resizedimgs.vivareal.com/Ksmn5K9u42IdQCw6W1yuwBbSMZw=/fit-in/870x653/vr.images.sp/f93d07a479db0d647a9f472eb9cdd100.jpg,"Rua Batataes, 308",https://www.vivareal.com.br/imovel/flat-1-quartos-jardins-zona-sul-sao-paulo-com-garagem-35m2-aluguel-RS2100-id-79916422/,79916422,sp/sao-paulo/zona-sul/jardins/rua-batataes,RESIDENCIAL,2100,,FLAT THE FIRST FULL PARA LOCAÇÃO NO JARDINS,,RFR547,1,35.0,-46.656525,,Flat,Jardins,66478,SP,sao-paulo,INMOBILIARIA,27307-J-SP,São Paulo,https://www.vivareal.com.br/66478/rf-imoveis-sp/,Zona Sul,FLAT,https://resizedimgs.vivareal.com/NKgQCe_ExDwND_Ha5nImBcpVkcc=/870x653/vr.images.sp/211873d7e7e6c580eccf9e1d39acb6fe.jpg,True,1,011947502741,True,PREMIUM,-23.570996,,100,1100,Aluguel,Mês,São Paulo,,True,BR>Sao Paulo>NULL>Sao Paulo>Zona Sul>Jardins,"Elevador,Mobiliado,Condomínio fechado,Academia,Interfone,Perto de Shopping Center,Ar condicionado,Perto de vias de acesso,Piscina,Segurança 24 horas",zona-sul,1492550062505,2100,16,jardins,RF Imoveis Sp,01423010,PROPERTY,https://www.vivareal.com.br/imovel/flat-1-quartos-jardins-zona-sul-sao-paulo-com-garagem-35m2-aluguel-RS2100-id-79916422/,1,/66478/rf-imoveis-sp/,Residencial,,R$ 2.100
128,0,https://resizedimgs.vivareal.com/goIWgH3pforkP5MzwFiQ22sP2jI=/fit-in/221x147/vr.images.sp/eb98ed81fca30d71fc47bfd899715d1f.jpg,RENTA,,Rua Frei Caneca,False,,sp,01127695169,https://resizedimgs.vivareal.com/dBxezksfuwXyxQFDINeBsTgxj8w=/fit-in/870x653/vr.images.sp/eb98ed81fca30d71fc47bfd899715d1f.jpg,"Rua Frei Caneca, 128",https://www.vivareal.com.br/imovel/flat-1-quartos-consolacao-centro-sao-paulo-com-garagem-35m2-aluguel-RS1300-id-79083095/,79083095,sp/sao-paulo/centro/consolacao/rua-frei-caneca,RESIDENCIAL,1300,,FLAT SAINT GOTHARD PARA LOCAÇÃO NO JARDINS,,RFR123,1,35.0,-46.648952,,Flat,Consolação,66478,SP,sao-paulo,INMOBILIARIA,27307-J-SP,São Paulo,https://www.vivareal.com.br/66478/rf-imoveis-sp/,Centro,FLAT,https://resizedimgs.vivareal.com/NKgQCe_ExDwND_Ha5nImBcpVkcc=/870x653/vr.images.sp/211873d7e7e6c580eccf9e1d39acb6fe.jpg,True,1,011947502741,True,PREMIUM,-23.55152,,100,1100,Aluguel,Mês,São Paulo,,True,BR>Sao Paulo>NULL>Sao Paulo>Centro>Consolacao,"Elevador,Mobiliado,Condomínio fechado,Perto de Shopping Center,Academia,Interfone,Ar condicionado,Perto de vias de acesso,Piscina,Segurança 24 horas",centro,1490644604833,1300,15,consolacao,RF Imoveis Sp,01307000,PROPERTY,https://www.vivareal.com.br/imovel/flat-1-quartos-consolacao-centro-sao-paulo-com-garagem-35m2-aluguel-RS1300-id-79083095/,1,/66478/rf-imoveis-sp/,Residencial,,R$ 1.300
117,0,https://resizedimgs.vivareal.com/xJhevmfYRMzd_Q1920KLxRsiRCk=/fit-in/221x147/vr.images.sp/be588ada38710278deed20231255ae6a.jpg,RENTA,,Rua João Vertiz,False,,sp,011995999703,https://resizedimgs.vivareal.com/yT-5GfrMzeMia2OHp78MikXa3WI=/fit-in/870x653/vr.images.sp/be588ada38710278deed20231255ae6a.jpg,"Rua João Vertiz, 117",https://www.vivareal.com.br/imovel/apartamento-2-quartos-campo-limpo-zona-sul-sao-paulo-com-garagem-60m2-aluguel-RS800-id-79869598/,79869598,sp/sao-paulo/zona-sul/campo-limpo/rua-joao-vertiz,RESIDENCIAL,800,,"Belo Apto Reformado  2 Dom - Perto do Shopping, Metro e Avenida Campo Limpo",,16076,1,60.0,-46.75499,,Apartamento,Campo Limpo,118347,SP,sao-paulo,PROPIETARIO,,São Paulo,https://www.vivareal.com.br/118347/eduardo/,Zona Sul,APART,https://resizedimgs.vivareal.com/Ekap7EhDeudvXrgAXpaW-Nz0h0A=/870x653/vr.images.sp/noLogo.jpg,True,1,011995999703,True,PREMIUM,-23.634795,,60,300,Aluguel,Mês,São Paulo,,True,BR>Sao Paulo>NULL>Sao Paulo>Zona Sul>Campo Limpo,"Segurança 24 horas,Quadra poliesportiva,Interfone,Elevador,Perto de vias de acesso,Perto de Shopping Center,Jardim",zona-sul,1492482597433,800,25,campo-limpo,EDUARDO,05783110,PROPERTY,https://www.vivareal.com.br/imovel/apartamento-2-quartos-campo-limpo-zona-sul-sao-paulo-com-garagem-60m2-aluguel-RS800-id-79869598/,2,/118347/eduardo/,Residencial,,R$ 800
265,0,https://resizedimgs.vivareal.com/ODsB_a4HJ-6RSTlO8D2nYNRbRkE=/fit-in/221x147/vr.images.sp/e713c09bcb705e96b46dfd895d50960e.jpg,RENTA,,Rua Ibituruna,False,,sp,01150586655,https://resizedimgs.vivareal.com/_qRCtO_wB2eMfw2vGFK2hdWKedI=/fit-in/870x653/vr.images.sp/e713c09bcb705e96b46dfd895d50960e.jpg,Rua Ibituruna,https://www.vivareal.com.br/imovel/apartamento-2-quartos-saude-zona-sul-sao-paulo-com-garagem-62m2-aluguel-RS1600-id-78201645/,78201645,sp/sao-paulo/zona-sul/saude/rua-ibituruna,RESIDENCIAL,1600,,Apartamento em São Paulo,,5209,2,62.0,-46.637315,,Apartamento,Saúde,22704,SP,sao-paulo,INMOBILIARIA,1123-J-SP,São Paulo,https://www.vivareal.com.br/22704/salvador-imoveis-ltda/,Zona Sul,APART,https://resizedimgs.vivareal.com/6f5qEhq7_uKcq2-qfau9fOlERIk=/870x653/vr.images.sp/f458a3614f7114919c43adfc48adcfdd.jpg,True,1,,True,PREMIUM,-23.622702,,20,400,Aluguel,Mês,São Paulo,,True,BR>Sao Paulo>NULL>Sao Paulo>Zona Sul>Saude,"Área de serviço,Cozinha,Elevador",zona-sul,1488566284579,1600,24,saude,Salvador Imóveis Ltda.,04302051,PROPERTY,https://www.vivareal.com.br/imovel/apartamento-2-quartos-saude-zona-sul-sao-paulo-com-garagem-62m2-aluguel-RS1600-id-78201645/,2,/22704/salvador-imoveis-ltda/,Residencial,,R$ 1.600
,1,https://resizedimgs.vivareal.com/oENr928uHOMIGzLftlRPU23HYq0=/fit-in/221x147/vr.images.sp/848aebb29ebdd10abc736745f1a48f24.jpg,RENTA,,,False,,sp,01126514016,https://resizedimgs.vivareal.com/NSO0NkgkJ9x7SP4vE2h5o46KwAQ=/fit-in/870x653/vr.images.sp/848aebb29ebdd10abc736745f1a48f24.jpg,,https://www.vivareal.com.br/imovel/casa-de-condominio-3-quartos-vila-formosa-zona-leste-sao-paulo-com-garagem-95m2-aluguel-RS1600-id-79081094/,79081094,,RESIDENCIAL,1600,,Locação Sobrado São Paulo SP,,6743,2,95.0,-46.550403,,Casa de Condomínio,Vila Formosa,40883,SP,sao-paulo,INMOBILIARIA,19303-J-SP,São Paulo,https://www.vivareal.com.br/40883/estrela-dalva-imoveis/,Zona Leste,CONDO,https://resizedimgs.vivareal.com/xGm0Eh7YitrbkgyviLnMytqn0E0=/870x653/vr.images.sp/32621ee85299bd72a737586296a12daf.jpg,True,2,011947465273,False,PREMIUM,-23.56411,,160,110,Aluguel,Mês,São Paulo,,True,BR>Sao Paulo>NULL>Sao Paulo>Zona Leste>Vila Formosa,,zona-leste,1490640127853,1600,24,vila-formosa,Estrela Dalva Imóveis,03358010,PROPERTY,https://www.vivareal.com.br/imovel/casa-de-condominio-3-quartos-vila-formosa-zona-leste-sao-paulo-com-garagem-95m2-aluguel-RS1600-id-79081094/,3,/40883/estrela-dalva-imoveis/,Residencial,,R$ 1.600
333,1,https://resizedimgs.vivareal.com/VTZTWqBkCbKkp_VWFWai0nx0JT8=/fit-in/221x147/vr.images.sp/e657a1738b1744350d3657a9c885124d.jpg,VENTA_RENTA,,Rua Pedroso Alvarenga,False,1700000,sp,01131983668,https://resizedimgs.vivareal.com/IJbt1tNwr13ujH8Bts20nuswpp4=/fit-in/870x653/vr.images.sp/e657a1738b1744350d3657a9c885124d.jpg,"Rua Pedroso Alvarenga, 333",https://www.vivareal.com.br/imovel/apartamento-3-quartos-itaim-bibi-zona-sul-sao-paulo-com-garagem-120m2-venda-RS1700000-id-79728165/,79728165,sp/sao-paulo/zona-sul/itaim-bibi/rua-pedroso-alvarenga,RESIDENCIAL,6000,,Apartamento para aluguel e venda tem 3 quartos em Itaim Bibi - São Paulo - SP.,,0806-p,3,120.0,-46.673573,,Apartamento,Itaim Bibi,133606,SP,sao-paulo,INMOBILIARIA,30090-J-SP,São Paulo,https://www.vivareal.com.br/133606/wps-imoveis/,Zona Sul,APART,https://resizedimgs.vivareal.com/cJv6Jzk2Ru710gU7zJQqfg0ish0=/870x653/vr.images.sp/d6740b3b78fc66ab05f2d2ee2ab767aa.jpg,False,2,011947696467,True,PREMIUM,-23.580651,,176,1195,Venda/Aluguel,Mês,São Paulo,,True,BR>Sao Paulo>NULL>Sao Paulo>Zona Sul>Itaim Bibi,"Espaço Gourmet,Elevador,Perto de Shopping Center,Academia,Salão de Festas,Piscina,Perto de vias de acesso",zona-sul,1492031432767,1700000,32,itaim-bibi,WPS Imóveis,04531010,PROPERTY,https://www.vivareal.com.br/imovel/apartamento-3-quartos-itaim-bibi-zona-sul-sao-paulo-com-garagem-120m2-venda-RS1700000-id-79728165/,3,/133606/wps-imoveis/,Residencial,,R$ 1.700.000
12011,0,https://resizedimgs.vivareal.com/oAFe7JqFCou5fc6MOayVW3m_Aew=/fit-in/221x147/vr.images.sp/b9b14eb09bdc07e5dbf4fddd468ec821.jpg,RENTA,,Avenida Raimundo Pereira de Magalhães,False,,sp,011961031133,https://resizedimgs.vivareal.com/neCwuGJ9CU1wCw3UNNLlBvS9jas=/fit-in/870x653/vr.images.sp/b9b14eb09bdc07e5dbf4fddd468ec821.jpg,"Avenida Raimundo Pereira de Magalhães, 12011",https://www.vivareal.com.br/imovel/apartamento-2-quartos-jaragua-zona-norte-sao-paulo-com-garagem-aluguel-RS850-id-79355992/,79355992,sp/sao-paulo/zona-norte/jaragua/avenida-raimundo-pereira-de-magalhaes,RESIDENCIAL,850,,"Apartamento a Locação em São Paulo, Jaraguá, 2 dormitórios, 1 banheiro, 1 vaga",,139,1,,-46.72213,,Apartamento,Jaragua,124544,SP,sao-paulo,INMOBILIARIA,169072-F-SP,São Paulo,https://www.vivareal.com.br/124544/ekc-imoveis/,Zona Norte,APART,https://resizedimgs.vivareal.com/2EUF36E-CuWAby4gdtvJu0rrbu4=/870x653/vr.images.sp/b6b69725031b7a7098698995e7542e1f.jpg,True,1,01142373257,True,PREMIUM,-23.436014,,40,350,Aluguel,Mês,São Paulo,,True,BR>Sao Paulo>NULL>Sao Paulo>Zona Norte>Jaragua,"Espaço verde / Parque,Quadra poliesportiva,Perto de Shopping Center,Cozinha,Garagem,Playground,Churrasqueira,Jardim,Segurança 24 horas,Salão de Festas",zona-norte,1491230471719,850,15,jaragua,EKC Imóveis,02989095,PROPERTY,https://www.vivareal.com.br/imovel/apartamento-2-quartos-jaragua-zona-norte-sao-paulo-com-garagem-aluguel-RS850-id-79355992/,2,/124544/ekc-imoveis/,Residencial,,R$ 850
357,1,https://resizedimgs.vivareal.com/8k-5FvzBoF32D5LaSceUN5ayDyg=/fit-in/221x147/vr.images.sp/acae77d3a9718511fff925baca2d7f8a.jpg,RENTA,,Rua George Smith,False,,sp,01138321064,https://resizedimgs.vivareal.com/HScEV1xUhBEchHlj6Wu2pcrEkSk=/fit-in/870x653/vr.images.sp/acae77d3a9718511fff925baca2d7f8a.jpg,"Rua George Smith, 357",https://www.vivareal.com.br/imovel/apartamento-2-quartos-lapa-zona-oeste-sao-paulo-com-garagem-55m2-aluguel-RS1700-id-79939875/,79939875,sp/sao-paulo/zona-oeste/lapa/rua-george-smith,RESIDENCIAL,1700,,ÓTIMO ESTADO... ÓTIMA LOCALIZAÇÃO,,LAP046,1,55.0,-46.705616,,Apartamento,Lapa,122577,SP,sao-paulo,INMOBILIARIA,3513-J-SP,São Paulo,https://www.vivareal.com.br/122577/ramos-imoveis---lapa/,Zona Oeste,APART,https://resizedimgs.vivareal.com/HTBgDp3ETC0r6incvpShc8o_lI0=/870x653/vr.images.sp/067e6fa37e445d9c88321389d04e0406.jpg,True,1,,True,PREMIUM,-23.520719,,1182,523,Aluguel,Mês,São Paulo,,True,BR>Sao Paulo>NULL>Sao Paulo>Zona Oeste>Lapa,"Segurança 24 horas,Quadra poliesportiva,Salão de Festas,Sacada,Jardim,Perto de vias de acesso,Playground,Churrasqueira,Interfone,Piscina,Sistema de alarme,Espaço Gourmet,Perto de Shopping Center,Elevador,Condomínio fechado,Academia",zona-oeste,1492609612793,1700,21,lapa,Ramos Imóveis - Lapa,05074010,PROPERTY,https://www.vivareal.com.br/imovel/apartamento-2-quartos-lapa-zona-oeste-sao-paulo-com-garagem-55m2-aluguel-RS1700-id-79939875/,2,/122577/ramos-imoveis---lapa/,Residencial,,R$ 1.700
1152,0,https://resizedimgs.vivareal.com/9fuhUQFjV1-nuhlbih_JHvPAqSY=/fit-in/221x147/vr.images.sp/6553fd87aa1dbab03dc479fc02577c3a.jpg,VENTA_RENTA,,Rua Barão do Bananal,False,390000,sp,01136721041,https://resizedimgs.vivareal.com/ZblOAeQbAV6HMWsePShdolD1T0Y=/fit-in/870x653/vr.images.sp/6553fd87aa1dbab03dc479fc02577c3a.jpg,"Rua Barão do Bananal, 1152",https://www.vivareal.com.br/imovel/kitnet-1-quartos-pompeia-zona-oeste-sao-paulo-com-garagem-35m2-venda-RS390000-id-77322002/,77322002,sp/sao-paulo/zona-oeste/pompeia/rua-barao-do-bananal,RESIDENCIAL,1800,,"Studio residencial para venda e locação, Vila Pompéia, São Paulo - ST0004.",,ST0004,1,35.0,-46.689225,,Kitnet,Pompeia,64937,SP,sao-paulo,INMOBILIARIA,24722-J-SP,São Paulo,https://www.vivareal.com.br/64937/estevam-imobiliaria/,Zona Oeste,KITNET,https://resizedimgs.vivareal.com/1OTCzd5WHgqmHEhym7wDLSL6-Xk=/870x653/vr.images.sp/6fd6a34d4a6d99424049df00652fbe73.jpg,False,1,011981030028,True,PREMIUM,-23.534027,,,500,Venda/Aluguel,Mês,São Paulo,,True,BR>Sao Paulo>NULL>Sao Paulo>Zona Oeste>POMPEIA,"Churrasqueira,Cozinha,Sacada,Piscina,Elevador,Interfone,Área de serviço",zona-oeste,1486197494396,390000,11,pompeia,Estevam Imobiliária,05024000,PROPERTY,https://www.vivareal.com.br/imovel/kitnet-1-quartos-pompeia-zona-oeste-sao-paulo-com-garagem-35m2-venda-RS390000-id-77322002/,1,/64937/estevam-imobiliaria/,Residencial,,R$ 390.000
100,0,https://resizedimgs.vivareal.com/3D16LYVYIYqHN2-DINt0E4qwhk4=/fit-in/221x147/vr.images.sp/1685e6bbf4d20e1e552f8bd4b17643d4.jpg,RENTA,,Rua Santa Crescência,False,,sp,01143290858,https://resizedimgs.vivareal.com/_377FDLyZUeOcXGokMYcJa4H1sQ=/fit-in/870x653/vr.images.sp/1685e6bbf4d20e1e552f8bd4b17643d4.jpg,"Rua Santa Crescência, 100",https://www.vivareal.com.br/imovel/apartamento-2-quartos-ferreira-zona-oeste-sao-paulo-com-garagem-60m2-aluguel-RS1300-id-79769447/,79769447,sp/sao-paulo/zona-oeste/ferreira/rua-santa-crescencia,RESIDENCIAL,1300,,Apartamento com 60 M2 e 2 quartos VILA SÔNIA ao lado do Parque e Metrô,,LM8034,1,60.0,-46.742838,,Apartamento,Ferreira,53161,SP,sao-paulo,INMOBILIARIA,120632-F-SP,São Paulo,https://www.vivareal.com.br/53161/lopes--macedo-imoveis/,Zona Oeste,APART,https://resizedimgs.vivareal.com/3uMZneHS359KovqhuUOG_1wmWvs=/870x653/vr.images.sp/55c3ece0d8e686d9ddade38f7e1fd5ad.jpg,True,1,011982802815,True,PREMIUM,-23.599628,,110,630,Aluguel,Mês,São Paulo,,True,BR>Sao Paulo>NULL>Sao Paulo>Zona Oeste>Ferreira,"Piscina,Salão de Festas,Sacada,Sistema de alarme,Perto de vias de acesso,Perto de Shopping Center,Churrasqueira,Jardim,Elevador,Interfone,Condomínio fechado",zona-oeste,1492112522901,1300,12,ferreira,Lopes &amp; Macedo Imóveis,05524020,PROPERTY,https://www.vivareal.com.br/imovel/apartamento-2-quartos-ferreira-zona-oeste-sao-paulo-com-garagem-60m2-aluguel-RS1300-id-79769447/,2,/53161/lopes--macedo-imoveis/,Residencial,,R$ 1.300
1658,0,https://resizedimgs.vivareal.com/OUqLmm66dgaVad70XIeERyWG8pk=/fit-in/221x147/vr.images.sp/4516695eee196d0af94f87601f238119.jpg,RENTA,,Avenida Rio Branco,False,,sp,01127695169,https://resizedimgs.vivareal.com/c6iDmyipoYHxcWk39VxHvKgvo3k=/fit-in/870x653/vr.images.sp/4516695eee196d0af94f87601f238119.jpg,"Avenida Rio Branco, 1658",https://www.vivareal.com.br/imovel/flat-1-quartos-centro-centro-sao-paulo-com-garagem-35m2-aluguel-RS800-id-79769422/,79769422,sp/sao-paulo/centro/centro/avenida-rio-branco,RESIDENCIAL,800,,FLAT CHAMP'S ELYSEES PARA LOCAÇÃO NO CENTRO,,RFR487,1,35.0,-46.646906,,Flat,Centro,66478,SP,sao-paulo,INMOBILIARIA,27307-J-SP,São Paulo,https://www.vivareal.com.br/66478/rf-imoveis-sp/,Centro,FLAT,https://resizedimgs.vivareal.com/NKgQCe_ExDwND_Ha5nImBcpVkcc=/870x653/vr.images.sp/211873d7e7e6c580eccf9e1d39acb6fe.jpg,True,1,011947502741,True,PREMIUM,-23.530035,,100,1100,Aluguel,Mês,São Paulo,,True,BR>Sao Paulo>NULL>Sao Paulo>Centro>Centro,"Condomínio fechado,Segurança 24 horas,Piscina,Perto de vias de acesso,Ar condicionado,Mobiliado,Academia,Elevador,Interfone,Perto de Shopping Center",centro,1492112412879,800,21,centro,RF Imoveis Sp,01206001,PROPERTY,https://www.vivareal.com.br/imovel/flat-1-quartos-centro-centro-sao-paulo-com-garagem-35m2-aluguel-RS800-id-79769422/,1,/66478/rf-imoveis-sp/,Residencial,,R$ 800
186,0,https://resizedimgs.vivareal.com/_iuKSZ02Ko_F30hxdsV9GatYMkw=/fit-in/221x147/vr.images.sp/647671abeba6e77e4ebdede740f657c3.jpg,RENTA,,Rua Jaguaré,False,,sp,01137144960,https://resizedimgs.vivareal.com/5WRwVE69Pt4ybuWsT41TAvirpzw=/fit-in/870x653/vr.images.sp/647671abeba6e77e4ebdede740f657c3.jpg,"Rua Jaguaré, 186",https://www.vivareal.com.br/imovel/apartamento-2-quartos-jaguare-zona-oeste-sao-paulo-com-garagem-48m2-aluguel-RS1500-id-77214957/,77214957,sp/sao-paulo/zona-oeste/jaguare/rua-jaguare,RESIDENCIAL,1500,,1119 - Jaguare - ap.02 dormts - Locação,,1119,1,48.0,-46.745048,,Apartamento,Jaguaré,72669,SP,sao-paulo,AGENTE,52735-F-SP,São Paulo,https://www.vivareal.com.br/72669/singular-imoveis--advocacia/,Zona Oeste,APART,https://resizedimgs.vivareal.com/He8oep_jOVk5_RzWW8Q4oC6dZJo=/870x653/vr.images.sp/c6e8840dab96f3b97bf831325f4d558c.jpg,True,1,011984571171,True,PREMIUM,-23.552576,,21,470,Aluguel,Mês,São Paulo,,True,BR>Sao Paulo>NULL>Sao Paulo>Zona Oeste>Jaguare,"Perto de vias de acesso,Churrasqueira,Quadra poliesportiva,Piscina,Sacada,Academia,Espaço Gourmet,Jardim,Salão de Festas,Condomínio fechado,Interfone,Elevador,Playground,Perto de Shopping Center",zona-oeste,1485958822476,1500,32,jaguare,Singular Imóveis &amp; Advocacia,05344030,PROPERTY,https://www.vivareal.com.br/imovel/apartamento-2-quartos-jaguare-zona-oeste-sao-paulo-com-garagem-48m2-aluguel-RS1500-id-77214957/,2,/72669/singular-imoveis--advocacia/,Residencial,,R$ 1.500
,0,https://resizedimgs.vivareal.com/UoU1e7TGQKnRXYXkORJkNQgaeJM=/fit-in/221x147/vr.images.sp/fcb099c8f4f7b10abe4b9c59a1f0ea7a.jpg,VENTA_RENTA,,,False,365000,sp,01129858429,https://resizedimgs.vivareal.com/IUla6AurdaUt1WCXXS4n-i9yD9c=/fit-in/870x653/vr.images.sp/fcb099c8f4f7b10abe4b9c59a1f0ea7a.jpg,,https://www.vivareal.com.br/imovel/casa-2-quartos-jardim-dracena-zona-oeste-sao-paulo-com-garagem-94m2-venda-RS365000-id-79953418/,79953418,,RESIDENCIAL,1500,,casa térrea com edicula 2 vagas&amp;#33;,,ca0130,1,94.0,-46.759512,,Casa,Jardim Dracena,113730,SP,sao-paulo,INMOBILIARIA,88324-F-SP,São Paulo,https://www.vivareal.com.br/113730/m3-efata-negocios-imobiliarios/,Zona Oeste,HOME,https://resizedimgs.vivareal.com/mu8oMUFfg2DqwElL09bkzvqpPwM=/870x653/vr.images.sp/7915f148b4f18eefc7ee2f4f896089a2.jpg,False,2,01137512255,False,PREMIUM,-23.592813,,,,Venda/Aluguel,Mês,São Paulo,,True,BR>Sao Paulo>NULL>Sao Paulo>Zona Oeste>Jardim Dracena,"Quintal,Área de serviço,Cozinha",zona-oeste,1492626783448,365000,26,jardim-dracena,M3 Efatá Negócios Imobiliários,,PROPERTY,https://www.vivareal.com.br/imovel/casa-2-quartos-jardim-dracena-zona-oeste-sao-paulo-com-garagem-94m2-venda-RS365000-id-79953418/,2,/113730/m3-efata-negocios-imobiliarios/,Residencial,,R$ 365.000
772,1,https://resizedimgs.vivareal.com/6sUTF8qVu7Sxfla1xJciI2TAMWo=/fit-in/221x147/vr.images.sp/8b5af0eda13d9d28332fc6b377515733.jpg,RENTA,,Rua Cayowaá,False,,sp,01136728800,https://resizedimgs.vivareal.com/4lYa598S_qgwjOTakaGU5-Bl8Bw=/fit-in/870x653/vr.images.sp/8b5af0eda13d9d28332fc6b377515733.jpg,"Rua Cayowaá, 772",https://www.vivareal.com.br/imovel/apartamento-3-quartos-perdizes-zona-oeste-sao-paulo-com-garagem-147m2-aluguel-RS2000-id-78346275/,78346275,sp/sao-paulo/zona-oeste/perdizes/rua-cayowaa,RESIDENCIAL,2000,,Apartamento para aluguel com 147 metros quadrados e 3 quartos em Perdizes - São Paulo - SP.,,1752,3,147.0,-46.681448,,Apartamento,Perdizes,130727,SP,sao-paulo,INMOBILIARIA,16146-J-SP,São Paulo,https://www.vivareal.com.br/130727/cleverbil-imoveis/,Zona Oeste,APART,https://resizedimgs.vivareal.com/DBuOahpsx72GKr0s-Q28owrgWWk=/870x653/vr.images.sp/54a963192d485b61e55ae4ebee1fbf69.jpg,True,1,01136725181,True,PREMIUM,-23.535394,,600,971,Aluguel,Mês,São Paulo,,True,BR>Sao Paulo>NULL>Sao Paulo>Zona Oeste>Perdizes,"Salão de Festas,Perto de vias de acesso,Playground,Perto de Shopping Center",zona-oeste,1488999035144,2000,20,perdizes,Cleverbil Imóveis,05018001,PROPERTY,https://www.vivareal.com.br/imovel/apartamento-3-quartos-perdizes-zona-oeste-sao-paulo-com-garagem-147m2-aluguel-RS2000-id-78346275/,3,/130727/cleverbil-imoveis/,Residencial,,R$ 2.000
60,0,https://resizedimgs.vivareal.com/v_9lWaiIIH9iyqnKCGUIiNQdbYA=/fit-in/221x147/vr.images.sp/80ab9c283882645d79d0f4f4abf34bd3.jpg,RENTA,,Rua Ercole Roberti,False,,sp,011999093759,https://resizedimgs.vivareal.com/w0RJeDgYp6z3bxYavXYukf9Hr7Y=/fit-in/870x653/vr.images.sp/80ab9c283882645d79d0f4f4abf34bd3.jpg,"Rua Ercole Roberti, 60",https://www.vivareal.com.br/imovel/casa-1-quartos-lauzane-paulista-zona-norte-sao-paulo-com-garagem-50m2-aluguel-RS800-id-77513305/,77513305,sp/sao-paulo/zona-norte/lauzane-paulista/rua-ercole-roberti,RESIDENCIAL,800,,LCF0001 – CASA 1 DORMITÓRIO ( + ) GARAGEM – LAUZANE PAULISTA (PRÓXIMO CONSELHEIRO MOREIRA DE BARROS),,LCF0001,1,50.0,-46.639061,,Casa,Lauzane Paulista,93195,SP,sao-paulo,INMOBILIARIA,20465-J-SP,São Paulo,https://www.vivareal.com.br/93195/contatar-imoveis/,Zona Norte,HOME,https://resizedimgs.vivareal.com/Wa07FBgYexGofvvrw9CbO92QNN8=/870x653/vr.images.sp/24887f4571733d77c0bb123d3d3de79a.jpg,True,1,,True,PREMIUM,-23.482225,,60,,Aluguel,Mês,São Paulo,,True,BR>Sao Paulo>NULL>Sao Paulo>Zona Norte>Lauzane Paulista,"Perto de Shopping Center,Perto de vias de acesso,Quintal",zona-norte,1486665014327,800,13,lauzane-paulista,Contatar Imoveis,02434020,PROPERTY,https://www.vivareal.com.br/imovel/casa-1-quartos-lauzane-paulista-zona-norte-sao-paulo-com-garagem-50m2-aluguel-RS800-id-77513305/,1,/93195/contatar-imoveis/,Residencial,,R$ 800
167,1,https://resizedimgs.vivareal.com/Dsn6C5ZLR9ym8wEQ3HqOKppAaNU=/fit-in/221x147/vr.images.sp/cb61443d39c5e93e562e0cb47c65e55f.jpg,RENTA,,Rua Salvador Caruso,False,,sp,011947308688,https://resizedimgs.vivareal.com/-Ud66EX6k35_JtCXi_TovZbaE2E=/fit-in/870x653/vr.images.sp/cb61443d39c5e93e562e0cb47c65e55f.jpg,"Rua Salvador Caruso, 167",https://www.vivareal.com.br/imovel/apartamento-2-quartos-vila-ipojuca-zona-oeste-sao-paulo-com-garagem-75m2-aluguel-RS1500-id-79943546/,79943546,sp/sao-paulo/zona-oeste/vila-ipojuca/rua-salvador-caruso,RESIDENCIAL,1500,,Apartamento Padrão para Aluguel em Vila Ipojuca São Paulo-SP,,115-27145,2,75.0,-46.703143,,Apartamento,Vila Ipojuca,133944,SP,sao-paulo,AGENTE,173570-F-SP,São Paulo,https://www.vivareal.com.br/133944/elson-benedetti/,Zona Oeste,APART,https://resizedimgs.vivareal.com/lwSI08EqC_wPxdeKpchctHqfKus=/870x653/vr.images.sp/38519891c69d94da0f283e99d3bee0fb.jpg,True,2,011940023586,True,PREMIUM,-23.535908,,132,900,Aluguel,Mês,São Paulo,,True,BR>Sao Paulo>NULL>Sao Paulo>Zona Oeste>Vila Ipojuca,"Perto de Shopping Center,Interfone,Playground,Churrasqueira,Piscina,Cozinha,Elevador",zona-oeste,1492613276594,1500,15,vila-ipojuca,Elson Benedetti,05054060,PROPERTY,https://www.vivareal.com.br/imovel/apartamento-2-quartos-vila-ipojuca-zona-oeste-sao-paulo-com-garagem-75m2-aluguel-RS1500-id-79943546/,2,/133944/elson-benedetti/,Residencial,,R$ 1.500
363,0,https://resizedimgs.vivareal.com/qudNLTwkSSGpPMDgDqUgNpxztn0=/fit-in/221x147/vr.images.sp/5f8490a61cab2bc66c920ab49e4c8911.jpg,RENTA,,Rua Paim,False,,sp,011967129084,https://resizedimgs.vivareal.com/N660NiIlKZY9MVYN1_t2EO49uFE=/fit-in/870x653/vr.images.sp/5f8490a61cab2bc66c920ab49e4c8911.jpg,"Rua Paim, 363",https://www.vivareal.com.br/imovel/apartamento-1-quartos-bela-vista-centro-sao-paulo-com-garagem-40m2-aluguel-RS2500-id-80295878/,80295878,sp/sao-paulo/centro/bela-vista/rua-paim,RESIDENCIAL,2500,,More em um apto mobiliado na Rua Paim!,,146994,1,40.0,-46.651054,,Apartamento,Bela Vista,122038,SP,sao-paulo,AGENTE,0000-F-SP,São Paulo,https://www.vivareal.com.br/122038/zet-consultor-imobiliario-wellington-ferraz-e-silva-/,Centro,APART,https://resizedimgs.vivareal.com/U1zH9Hoh0Uc_4DWeaXapTX5LoUo=/870x653/vr.images.sp/164c9d25af273cbaf719ae56b7fa9276.jpg,True,1,011987152582,True,PREMIUM,-23.553501,,90,480,Aluguel,Mês,São Paulo,,True,BR>Sao Paulo>NULL>Sao Paulo>Centro>Bela Vista,"Elevador,Salão de Festas,Mobiliado,Jardim,Perto de vias de acesso,Academia,Churrasqueira,Playground,Espaço Gourmet,Perto de Shopping Center,Piscina,Sacada",centro,1493329123635,2500,18,bela-vista,ZET Consultor Imobiliário (WELLINGTON FERRAZ E SILVA ),01306010,PROPERTY,https://www.vivareal.com.br/imovel/apartamento-1-quartos-bela-vista-centro-sao-paulo-com-garagem-40m2-aluguel-RS2500-id-80295878/,1,/122038/zet-consultor-imobiliario-wellington-ferraz-e-silva-/,Residencial,,R$ 2.500
1948,0,https://resizedimgs.vivareal.com/no4YSPHX8uU85aZVnvGDaPEGyI4=/fit-in/221x147/vr.images.sp/59dd9334ecce23660afd237488465828.jpg,RENTA,,Rua Oscar Freire,False,,sp,01127695169,https://resizedimgs.vivareal.com/cS-JMrdANtvtqJqv35QfyqXTlt8=/fit-in/870x653/vr.images.sp/59dd9334ecce23660afd237488465828.jpg,"Rua Oscar Freire, 1948",https://www.vivareal.com.br/imovel/flat-1-quartos-pinheiros-zona-oeste-sao-paulo-com-garagem-35m2-aluguel-RS2200-id-79958645/,79958645,sp/sao-paulo/zona-oeste/pinheiros/rua-oscar-freire,RESIDENCIAL,2200,,FLAT COMFORT OSCAR FREIRE PARA LOCAÇÃO EM PINHEIROS,,RFR632,1,35.0,-46.675323,,Flat,Pinheiros,66478,SP,sao-paulo,INMOBILIARIA,27307-J-SP,São Paulo,https://www.vivareal.com.br/66478/rf-imoveis-sp/,Zona Oeste,FLAT,https://resizedimgs.vivareal.com/NKgQCe_ExDwND_Ha5nImBcpVkcc=/870x653/vr.images.sp/211873d7e7e6c580eccf9e1d39acb6fe.jpg,True,1,011947502741,True,PREMIUM,-23.555447,,100,1100,Aluguel,Mês,São Paulo,,True,BR>Sao Paulo>NULL>Sao Paulo>Zona Oeste>Pinheiros,"Mobiliado,Ar condicionado,Interfone,Segurança 24 horas,Perto de vias de acesso,Piscina,Condomínio fechado,Academia,Perto de Shopping Center,Elevador",zona-oeste,1492636338838,2200,16,pinheiros,RF Imoveis Sp,05409011,PROPERTY,https://www.vivareal.com.br/imovel/flat-1-quartos-pinheiros-zona-oeste-sao-paulo-com-garagem-35m2-aluguel-RS2200-id-79958645/,1,/66478/rf-imoveis-sp/,Residencial,,R$ 2.200
3,0,https://resizedimgs.vivareal.com/8zn9h0xiRcF2If7qTI4uYJmodH4=/fit-in/221x147/vr.images.sp/d15c6492abf840d9c1cd15ebc358e0d4.jpg,RENTA,,Rua Potunduva,False,,sp,011975686015,https://resizedimgs.vivareal.com/od_TKy74UcO7WIYQ1vC2T6ga-nk=/fit-in/870x653/vr.images.sp/d15c6492abf840d9c1cd15ebc358e0d4.jpg,"Rua Potunduva, 3",https://www.vivareal.com.br/imovel/apartamento-2-quartos-vila-mariana-zona-sul-sao-paulo-com-garagem-75m2-aluguel-RS1500-id-79958701/,79958701,sp/sao-paulo/zona-sul/vila-mariana/rua-potunduva,RESIDENCIAL,1500,,Apartamento para aluguel possui 75 metros quadrados e 2 quartos em Vila Mariana - São Paulo - SP.,,008,2,75.0,-46.627703,,Apartamento,Vila Mariana,113855,SP,sao-paulo,AGENTE,0000-F-SP,São Paulo,https://www.vivareal.com.br/113855/roberto-santos-consultor-imobiliario/,Zona Sul,APART,https://resizedimgs.vivareal.com/Ekap7EhDeudvXrgAXpaW-Nz0h0A=/870x653/vr.images.sp/noLogo.jpg,True,1,,True,PREMIUM,-23.582414,,140,680,Aluguel,Mês,São Paulo,,True,BR>Sao Paulo>NULL>Sao Paulo>Zona Sul>Vila Mariana,"Perto de vias de acesso,Elevador,Perto de Shopping Center,Sistema de alarme,Interfone",zona-sul,1492636844419,1500,11,vila-mariana,Roberto Santos Consultor Imobiliário,04112030,PROPERTY,https://www.vivareal.com.br/imovel/apartamento-2-quartos-vila-mariana-zona-sul-sao-paulo-com-garagem-75m2-aluguel-RS1500-id-79958701/,2,/113855/roberto-santos-consultor-imobiliario/,Residencial,,R$ 1.500
